{"cameraMode":{"drawMode":0,"name":"Shaded","section":"Shading Mode"},"sceneLighting":true,"audioPlay":false,"sceneViewState":{"showFog":false,"showMaterialUpdate":false,"showSkybox":false,"showFlares":false,"showImageEffects":false,"showParticleSystems":false},"in2DMode":false,"pivot":{"x":-8.168352127075196,"y":8.793065071105957,"z":-3.0372698307037355},"rotation":{"x":-0.018395500257611276,"y":0.9763517379760742,"z":-0.19467569887638093,"w":-0.09224448353052139},"size":4.857484817504883,"orthographic":false}