{"cameraMode":{"drawMode":0,"name":"Shaded","section":"Shading Mode"},"sceneLighting":false,"audioPlay":false,"sceneViewState":{"showFog":false,"showMaterialUpdate":false,"showSkybox":false,"showFlares":false,"showImageEffects":false,"showParticleSystems":false},"in2DMode":false,"pivot":{"x":0.7890251874923706,"y":1.2025871276855469,"z":2.6021533012390138},"rotation":{"x":0.03997749462723732,"y":0.8624230027198792,"z":-0.06897848099470139,"w":0.49987974762916567},"size":29.441564559936525,"orthographic":false}