{"cameraMode":{"drawMode":0,"name":"Shaded","section":"Shading Mode"},"sceneLighting":true,"audioPlay":false,"sceneViewState":{"showFog":false,"showMaterialUpdate":false,"showSkybox":false,"showFlares":false,"showImageEffects":false,"showParticleSystems":false},"in2DMode":false,"pivot":{"x":-1.632354736328125,"y":13.006429672241211,"z":17.734548568725587},"rotation":{"x":0.06288260221481323,"y":0.6769403219223023,"z":-0.05823403224349022,"w":0.7310378551483154},"size":125.16459655761719,"orthographic":false}