{"cameraMode":{"drawMode":0,"name":"Shaded","section":"Shading Mode"},"sceneLighting":true,"audioPlay":false,"sceneViewState":{"showFog":false,"showMaterialUpdate":false,"showSkybox":false,"showFlares":false,"showImageEffects":false,"showParticleSystems":false},"in2DMode":false,"pivot":{"x":-10.073564529418946,"y":-39.141910552978519,"z":-55.529075622558597},"rotation":{"x":0.0008003469556570053,"y":0.9698196053504944,"z":-0.2438274472951889,"w":0.0032030344009399416},"size":74.221435546875,"orthographic":false}