{"cameraMode":{"drawMode":0,"name":"Shaded","section":"Shading Mode"},"sceneLighting":false,"audioPlay":false,"sceneViewState":{"showFog":true,"showMaterialUpdate":false,"showSkybox":false,"showFlares":true,"showImageEffects":true,"showParticleSystems":true},"in2DMode":false,"pivot":{"x":-29.549678802490236,"y":1.1540133953094483,"z":7.754779815673828},"rotation":{"x":0.026570109650492669,"y":0.9418437480926514,"z":-0.3260917365550995,"w":0.07674171030521393},"size":17.75763702392578,"orthographic":false}