{"cameraMode":{"drawMode":0,"name":"Shaded","section":"Shading Mode"},"sceneLighting":true,"audioPlay":false,"sceneViewState":{"showFog":true,"showMaterialUpdate":false,"showSkybox":true,"showFlares":true,"showImageEffects":true,"showParticleSystems":true},"in2DMode":false,"pivot":{"x":-6.315485000610352,"y":-2.37424373626709,"z":-31.949628829956056},"rotation":{"x":0.021462369710206987,"y":0.9293379783630371,"z":-0.05471716448664665,"w":0.3645258843898773},"size":4.781633377075195,"orthographic":false}