{"cameraMode":{"drawMode":0,"name":"Shaded","section":"Shading Mode"},"sceneLighting":true,"audioPlay":false,"sceneViewState":{"showFog":true,"showMaterialUpdate":false,"showSkybox":true,"showFlares":true,"showImageEffects":true,"showParticleSystems":true},"in2DMode":false,"pivot":{"x":-6.757615089416504,"y":-6.102948188781738,"z":-30.586750030517579},"rotation":{"x":0.044226888567209247,"y":-0.9500766396522522,"z":0.15850330889225007,"w":0.26509708166122439},"size":1.7820477485656739,"orthographic":false}