{"cameraMode":{"drawMode":0,"name":"Shaded","section":"Shading Mode"},"sceneLighting":false,"audioPlay":false,"sceneViewState":{"showFog":true,"showMaterialUpdate":false,"showSkybox":false,"showFlares":true,"showImageEffects":true,"showParticleSystems":true},"in2DMode":false,"pivot":{"x":-52.20313262939453,"y":457.9434814453125,"z":251.25106811523438},"rotation":{"x":-0.008335433900356293,"y":0.9789543747901917,"z":-0.19977888464927674,"w":-0.04084509611129761},"size":349.4276428222656,"orthographic":false}