{"cameraMode":{"drawMode":0,"name":"Shaded","section":"Shading Mode"},"sceneLighting":false,"audioPlay":false,"sceneViewState":{"showFog":false,"showMaterialUpdate":false,"showSkybox":false,"showFlares":false,"showImageEffects":false,"showParticleSystems":false},"in2DMode":false,"pivot":{"x":-9.954118728637696,"y":2.152538776397705,"z":8.595661163330079},"rotation":{"x":-0.03638534992933273,"y":0.9635564684867859,"z":-0.18162624537944795,"w":-0.1930154263973236},"size":43.23226547241211,"orthographic":false}