{"cameraMode":{"drawMode":0,"name":"Shaded","section":"Shading Mode"},"sceneLighting":true,"audioPlay":false,"sceneViewState":{"showFog":true,"showMaterialUpdate":false,"showSkybox":true,"showFlares":true,"showImageEffects":true,"showParticleSystems":true},"in2DMode":false,"pivot":{"x":-8.391034126281739,"y":0.26758521795272829,"z":-29.249069213867189},"rotation":{"x":0.026570109650492669,"y":0.9418437480926514,"z":-0.3260917365550995,"w":0.07674171030521393},"size":2.6198484897613527,"orthographic":false}