{"cameraMode":{"drawMode":0,"name":"Shaded","section":"Shading Mode"},"sceneLighting":true,"audioPlay":false,"sceneViewState":{"showFog":true,"showMaterialUpdate":false,"showSkybox":true,"showFlares":true,"showImageEffects":true,"showParticleSystems":true},"in2DMode":false,"pivot":{"x":34.97635269165039,"y":1.70363187789917,"z":29.806671142578126},"rotation":{"x":0.021462369710206987,"y":0.9293379783630371,"z":-0.05471716448664665,"w":0.3645258843898773},"size":32.46723937988281,"orthographic":false}