{"cameraMode":{"drawMode":0,"name":"Shaded","section":"Shading Mode"},"sceneLighting":true,"audioPlay":false,"sceneViewState":{"showFog":true,"showMaterialUpdate":false,"showSkybox":true,"showFlares":true,"showImageEffects":true,"showParticleSystems":true},"in2DMode":false,"pivot":{"x":-4.39879846572876,"y":8.139805793762207,"z":-0.41559410095214846},"rotation":{"x":0.001902862684801221,"y":0.9969472885131836,"z":-0.02573658525943756,"w":0.07370956987142563},"size":0.7099220156669617,"orthographic":false}