{"cameraMode":{"drawMode":0,"name":"Shaded","section":"Shading Mode"},"sceneLighting":true,"audioPlay":false,"sceneViewState":{"showFog":true,"showMaterialUpdate":false,"showSkybox":true,"showFlares":true,"showImageEffects":true,"showParticleSystems":true},"in2DMode":false,"pivot":{"x":-2.0966506004333498,"y":0.6213123798370361,"z":-7.329379081726074},"rotation":{"x":0.044226888567209247,"y":-0.9500766396522522,"z":0.15850330889225007,"w":0.26509708166122439},"size":2.1957385540008547,"orthographic":false}