{"cameraMode":{"drawMode":0,"name":"Shaded","section":"Shading Mode"},"sceneLighting":true,"audioPlay":false,"sceneViewState":{"showFog":true,"showMaterialUpdate":false,"showSkybox":true,"showFlares":true,"showImageEffects":true,"showParticleSystems":true},"in2DMode":false,"pivot":{"x":21.554027557373048,"y":30.374069213867189,"z":4.913944244384766},"rotation":{"x":-0.25070691108703616,"y":0.685931384563446,"z":-0.2750118374824524,"w":-0.6253101229667664},"size":8.098483085632325,"orthographic":false}