{"cameraMode":{"drawMode":0,"name":"Shaded","section":"Shading Mode"},"sceneLighting":false,"audioPlay":false,"sceneViewState":{"showFog":true,"showMaterialUpdate":false,"showSkybox":true,"showFlares":true,"showImageEffects":true,"showParticleSystems":true},"in2DMode":false,"pivot":{"x":22.417236328125,"y":-34.94495391845703,"z":-1.3051605224609376},"rotation":{"x":-0.4660099446773529,"y":-0.01008821651339531,"z":0.005313368048518896,"w":-0.8847060203552246},"size":310.9628601074219,"orthographic":false}