{"cameraMode":{"drawMode":0,"name":"Shaded","section":"Shading Mode"},"sceneLighting":false,"audioPlay":false,"sceneViewState":{"showFog":true,"showMaterialUpdate":false,"showSkybox":true,"showFlares":true,"showImageEffects":true,"showParticleSystems":true},"in2DMode":false,"pivot":{"x":-56.88108444213867,"y":-7.661670207977295,"z":3.739704132080078},"rotation":{"x":-0.19111444056034089,"y":-0.011192098259925843,"z":0.0021791320759803058,"w":-0.981501579284668},"size":30.97981834411621,"orthographic":false}