{"cameraMode":{"drawMode":0,"name":"Shaded","section":"Shading Mode"},"sceneLighting":false,"audioPlay":false,"sceneViewState":{"showFog":true,"showMaterialUpdate":false,"showSkybox":true,"showFlares":true,"showImageEffects":true,"showParticleSystems":true},"in2DMode":false,"pivot":{"x":1.4073618650436402,"y":-0.47586894035339358,"z":0.06614851951599121},"rotation":{"x":-0.14219079911708833,"y":-0.5911437273025513,"z":0.10684344917535782,"w":-0.7867117524147034},"size":2.366332769393921,"orthographic":false}