{"cameraMode":{"drawMode":0,"name":"Shaded","section":"Shading Mode"},"sceneLighting":false,"audioPlay":false,"sceneViewState":{"showFog":true,"showMaterialUpdate":false,"showSkybox":true,"showFlares":true,"showImageEffects":true,"showParticleSystems":true},"in2DMode":false,"pivot":{"x":-9.954118728637696,"y":2.152538776397705,"z":8.595661163330079},"rotation":{"x":0.03118370659649372,"y":0.008092522621154786,"z":0.00025220983661711216,"w":-0.9994808435440064},"size":9.916932106018067,"orthographic":false}