{"cameraMode":{"drawMode":0,"name":"Shaded","section":"Shading Mode"},"sceneLighting":false,"audioPlay":false,"sceneViewState":{"showFog":true,"showMaterialUpdate":false,"showSkybox":true,"showFlares":true,"showImageEffects":true,"showParticleSystems":true},"in2DMode":false,"pivot":{"x":-20.350589752197267,"y":0.37744981050491335,"z":-0.6324838399887085},"rotation":{"x":-0.20953480899333955,"y":-0.7572184801101685,"z":0.2904873490333557,"w":-0.5461981892585754},"size":6.2416768074035648,"orthographic":false}