{"cameraMode":{"drawMode":0,"name":"Shaded","section":"Shading Mode"},"sceneLighting":false,"audioPlay":false,"sceneViewState":{"showFog":true,"showMaterialUpdate":false,"showSkybox":false,"showFlares":true,"showImageEffects":true,"showParticleSystems":true},"in2DMode":false,"pivot":{"x":-17.842937469482423,"y":0.2559943199157715,"z":1.5834227800369263},"rotation":{"x":0.2653122544288635,"y":0.36682286858558657,"z":-0.10998807102441788,"w":0.8848474621772766},"size":4.615257263183594,"orthographic":false}